,A,B,C,D
2000-01-01,0.6364442190074138,0.6975847550446053,-0.6438654861215445,1.6201426440010411
2000-01-02,1.3819868116933518,-0.3384729921831222,-1.1214143175440823,1.9035630575694602
2000-01-03,0.7564229426708583,-1.354337613445846,-2.246449312508746,2.913348545639127
2000-01-04,1.594394933617595,-0.5344899633013608,-0.8766746395435998,4.353322777716373
2000-01-05,3.019319062416682,-0.18095570276526868,-1.6413900417556775,3.6556952357168297
2000-01-06,4.592756533429825,-0.663647138503761,-3.3333768381947806,4.055982279061764
2000-01-07,4.7951967026651765,0.27892915871109736,-4.00485217701007,3.4281267267708637
2000-01-08,4.561380689835823,0.7230744354972963,-5.69041110070754,3.0260367039376947
2000-01-09,5.021577447247258,-0.18226200390205693,-6.322103739210409,3.968114229011893
2000-01-10,3.6187006766705263,-1.6257338267963708,-5.156891176221836,4.289225632419987
2000-01-11,3.859531671526376,-0.6963995359258426,-5.133640531165433,4.863039963251492
2000-01-12,4.949056953840211,-0.18923797662887443,-6.897039468766148,4.060125244007681
2000-01-13,5.79488413057124,-0.18797529041939384,-7.262887659093316,4.024945555601416
2000-01-14,5.1859744962875185,-1.0978863185939742,-5.340822809989596,2.729250671270111
2000-01-15,6.810814063752954,-0.11239226084500464,-6.33515786200696,3.2664114739865617
2000-01-16,7.926258615842427,0.3491750012663304,-5.454189108046718,3.1758869000569505
2000-01-17,8.020768526347656,1.1284805273582021,-6.2518053252141215,3.750183456147138
2000-01-18,8.943040995955602,2.836287430424404,-6.201422460113311,1.3892216458037963
2000-01-19,9.021015058139174,2.198684430665492,-6.700511529336213,2.3642356464752323
2000-01-20,10.93287207895642,2.5060004101087725,-7.137705377963667,2.0851418340282084
2000-01-21,11.759178629803081,3.101964673114984,-7.745495133635859,0.8894111680219532
2000-01-22,13.469818737715174,2.742525600806496,-6.762218627346446,1.7321535277629259
2000-01-23,14.41424195971665,3.253203902957387,-7.594466733251194,0.07640485926654605
2000-01-24,15.361518564067488,4.027138983622811,-9.744467820952575,2.6852714927944876
2000-01-25,16.440491366688903,4.614083864742808,-8.89827077323505,3.5578610062306115
2000-01-26,17.58175148288817,4.672181439422092,-8.667489426506124,5.568678239073547
2000-01-27,16.74371792421835,4.217650328377145,-7.7951745928863865,5.636349390780952
2000-01-28,17.52994720233286,3.7045280826346025,-6.564562376505762,6.2417646287066635
2000-01-29,16.44277904348994,1.674208962081075,-7.088331676173115,5.348302980154111
2000-01-30,18.252599775408125,-0.0032395018716282475,-7.534424185711772,7.056922980822396
2000-01-31,19.339056404144458,0.03503716003889988,-8.257924977904231,10.880249629293086
2000-02-01,20.303436793224154,1.4170148968477823,-9.39408849036967,12.378105528393275
2000-02-02,19.72291371011015,0.6431715990406601,-7.954525180752242,13.782030988915647
2000-02-03,19.912119080285485,-0.4115238492701223,-7.987160019277157,11.603614106483885
2000-02-04,19.3613448112708,-0.9456133085781045,-7.738522797846223,11.520675407901965
2000-02-05,18.94312581348468,-0.3044043032220143,-7.961651489502341,12.225954749676196
2000-02-06,19.66482566278435,-0.04753652657588692,-7.675349149587704,13.198539343426356
2000-02-07,20.242855261717313,-2.878226590014186,-7.365524205799028,12.562307395654454
2000-02-08,19.893254663199496,-2.8661957144747694,-5.589492633178377,11.644131171166611
2000-02-09,19.956394576403657,-1.9073460581351227,-5.722371936082635,11.520741431137868
2000-02-10,19.34982953037156,-1.8020908401503002,-4.8204474331154525,11.8994721164421
2000-02-11,19.98676716847062,-2.5506887209662286,-4.576548911951258,11.63623899607264
2000-02-12,19.521674919934604,-2.4355723545294805,-5.622894941697423,12.110913561955579
2000-02-13,20.151543627019656,-4.242906991705417,-4.574537685540756,11.848807121108473
2000-02-14,21.113046427546113,-4.683718381768959,-5.634265411706454,11.538777612522992
2000-02-15,21.526983310023734,-5.05210026082898,-6.525865340892231,11.360329353990533
2000-02-16,21.39816125532059,-4.0483697634986235,-7.337443466363818,11.964913369511148
2000-02-17,20.921970105973866,-3.756534493743108,-6.082578800211293,11.780839523673864
2000-02-18,20.93983605331288,-3.9215874474088124,-5.055036080257913,11.415502966048392
2000-02-19,20.747450215267154,-2.9389637059314127,-5.138745165920831,10.673138546059912
2000-02-20,19.44204220810507,-2.65146314437932,-6.204900380317093,13.836912035843472
2000-02-21,18.20941762222574,-2.437976809347971,-8.223674217654485,14.996510155956667
2000-02-22,18.77663793169486,-2.673770560909854,-8.609877970996948,16.230936163768376
2000-02-23,18.791604938061543,-1.1190186469117305,-9.516716617819895,15.06616324298387
2000-02-24,19.011026718457636,-1.0669105139739683,-7.910190590496727,14.1891494913002
2000-02-25,20.458550317172197,-0.9994526105481265,-8.898056757843428,12.957871424357355
2000-02-26,21.06130923051584,-1.9556605651803982,-10.7868683169885,12.270615024538616
2000-02-27,21.187702010396276,-2.0280617344635434,-10.309531990096506,11.814218557536043
2000-02-28,22.312060743193967,-2.6015205921168216,-10.42756423634536,12.360959888661597
2000-02-29,23.100757315509647,-3.2261720508287857,-9.934003788698124,11.222364834155071
2000-03-01,21.94114472054992,-2.591785458871797,-11.497673879791046,11.396389675314833
2000-03-02,23.381515601105416,-2.452235629894951,-9.848884283823281,11.066280661200897
2000-03-03,25.232915235218705,-3.6707166202564014,-9.894428816713381,11.092466051627209
2000-03-04,26.373648930926237,-3.172429721274508,-11.967724668802271,12.13644284457264
2000-03-05,25.62273845285703,-3.0246982084546903,-13.075273016301486,10.716138099832563
2000-03-06,25.502427086661193,-4.227288395876991,-12.788742416364144,11.177847194811084
2000-03-07,24.82805276425736,-5.312267273019438,-12.364826433553674,12.60150044187327
2000-03-08,26.743020611660928,-5.061079775911449,-11.95335530125536,13.169130565064933
2000-03-09,27.407412704860594,-5.1876393248131585,-10.016367510390488,14.804493298276263
2000-03-10,28.634206141450033,-5.087880435032791,-10.549934249245801,14.823467237393826
2000-03-11,29.676335602863773,-4.04449815561751,-10.209277511672632,14.34640335861696
2000-03-12,29.363709365975925,-3.7278890991455658,-11.248896895008993,14.598650391747924
2000-03-13,31.556153133728493,-4.659849403452438,-10.24307926662842,14.098910138583161
2000-03-14,32.153922496154514,-4.554559088949958,-9.627684455571252,13.303316388586882
2000-03-15,32.56773823938939,-5.321422225218325,-9.087948283846602,13.092244114695182
2000-03-16,33.050588596999845,-5.322110375316033,-9.881455433028883,13.496210014126358
2000-03-17,33.93638574384872,-5.631244030206697,-7.419892206340282,14.208598444811924
2000-03-18,32.70907916432366,-7.082355607324586,-6.0858136079809055,13.087798294609753
2000-03-19,32.71268282264046,-7.459452048942444,-5.269487835027643,12.985204263366688
2000-03-20,32.03233520306659,-9.563179346837106,-6.44869174772763,12.855785970796061
2000-03-21,31.57075190677994,-9.859281388643488,-5.690104643446132,11.797374651872973
2000-03-22,30.862207172725665,-9.851424689878053,-5.423894291770751,13.58976453122321
2000-03-23,30.750637440460856,-9.683350525239174,-4.73005492948905,13.426719839056162
2000-03-24,30.225893487669584,-7.666732668141958,-4.872230075800246,13.0963687629061
2000-03-25,29.403527722105302,-7.4079253152292805,-5.293372408924847,10.7402720125094
2000-03-26,29.487796764532277,-7.488922422160405,-3.382380047633232,11.412439489972025
2000-03-27,29.025873614204013,-8.828585679688,-3.715648434898258,11.31988538871375
2000-03-28,28.27617960346444,-9.383884661279545,-3.330082957165413,9.42155806442033
2000-03-29,27.44732451245705,-8.671152873935489,-1.913514005219489,7.676330910838744
2000-03-30,28.655606498131323,-8.984433009592834,-0.33117658725233867,8.019984710636155
2000-03-31,27.979331689029273,-9.273639998455046,0.6240109327214659,9.232289154809536
2000-04-01,27.720695509017244,-9.722342070349656,1.2895105297947782,9.235913826560981
2000-04-02,26.62018405637424,-8.141529489905722,1.1062743653804485,10.19463461932192
2000-04-03,26.22326438334201,-9.57465563252038,1.5834532382194557,9.349200624336328
2000-04-04,25.665669942900138,-10.182014380530513,-0.27162204464716067,7.802267699573106
2000-04-05,25.942615119639324,-10.275130494633698,0.20715542886363553,6.87839135114332
2000-04-06,25.835562586594662,-10.58031855963257,1.5954498915069593,6.808273346417347
2000-04-07,24.364341938032677,-9.91317757265554,2.013957668515838,6.388164675767335
2000-04-08,23.72002188037925,-11.552075607372375,3.2535543338400323,7.215822197814263
2000-04-09,22.420405219121122,-11.374806013910607,2.6040839960466604,7.5166670901945505
2000-04-10,22.798819613545152,-10.639874726504265,-0.008810972211517942,7.615178943715752
2000-04-11,22.466053060883205,-10.758232759155174,0.357827384367628,6.716789885465417
2000-04-12,22.283861136193376,-9.983194460544235,2.673399173244396,8.331876923192299
2000-04-13,23.29659258271463,-9.401522207296255,2.0676603189626017,8.646206810787938
2000-04-14,25.23633461911954,-10.340822567738721,3.264528537091584,8.395677800921765
2000-04-15,24.05231671780849,-11.874209830292324,4.015426219200775,7.065048320192564
2000-04-16,22.455054226584963,-12.720109448455391,3.5370181150657114,5.718768522864389
2000-04-17,20.806801031601513,-13.364957247694626,5.1127474230109895,4.829029541826657
2000-04-18,20.227954823889604,-12.557425139155763,4.521968801306322,4.478342604399362
2000-04-19,20.18230980517737,-12.853516269155394,4.287093352647598,4.239758297430195
2000-04-20,20.84364472853621,-13.85993764781707,3.867945339453974,5.36484492642696
2000-04-21,21.665797322263114,-13.228811922044287,3.5579935038132864,4.182263080264529
2000-04-22,21.244968794590214,-12.57426185923582,3.0023013369739355,4.915521012527212
2000-04-23,19.778667412426362,-12.29360785555409,4.391363236332199,5.022494459016946
2000-04-24,20.37856971461222,-12.86012677140508,3.449537227594704,4.2162528163590585
2000-04-25,21.07047847182079,-12.660901028632585,2.899116373963545,4.717343020148814
2000-04-26,20.35956185495044,-10.755460804012099,3.212852165905526,3.0408533017472616
2000-04-27,20.67322610591154,-10.443915632138847,2.3538629507751545,4.613826184623633
2000-04-28,20.736363812385445,-10.21687574844191,1.9830457201391976,6.469416195848828
2000-04-29,20.957660139266807,-10.551706620270126,2.5276849670912256,5.481613645109161
2000-04-30,20.81743092128638,-10.101038962146806,0.49031679817772833,6.557759411973328
2000-05-01,19.602668065959108,-12.281278632752185,0.9737248264169128,4.844652069098393
2000-05-02,19.79346638981764,-12.77914096759006,-0.26568505418444655,5.609349555234714
2000-05-03,20.7579429392981,-13.113281160410892,1.25616240466179,5.7037376764995145
2000-05-04,19.513831597385526,-13.439619369355126,1.4809111963284256,6.848419641149906
2000-05-05,19.641180566789505,-12.563293817323501,1.094202212441107,8.597085760450067
2000-05-06,19.444481914079788,-12.837119424065746,2.497932386679854,8.911930655037294
2000-05-07,19.636839868615183,-10.289068063457847,2.0769574403774334,8.575275850206362
2000-05-08,19.775460878133885,-10.59852099526456,2.4684475890516864,6.712608615460773
2000-05-09,19.052933019147883,-9.616259195509869,2.981408615899995,5.766739551264916
2000-05-10,19.755680937186103,-10.716647558257748,0.501132161561602,5.991276925389856
2000-05-11,21.260581868275466,-10.395857451741234,-0.3851753583804779,4.43162139963985
2000-05-12,22.002023011360123,-9.093957232987686,-0.6360502844612617,2.7362122356364718
2000-05-13,22.709571291281556,-10.195303088479346,-3.6974957322984374,3.5606577968169404
2000-05-14,21.225150015700407,-10.985486177223851,-3.7535492932661247,3.075391901706212
2000-05-15,22.01666847418566,-11.717759168161797,-4.915847580293581,3.291625700374248
2000-05-16,22.887074343360837,-11.421018540554531,-3.8176498470952343,3.0972334545088
2000-05-17,21.845219573248453,-11.71336936474093,-4.059028887323792,1.2040010273999908
2000-05-18,23.6125503359867,-13.949314593336437,-3.344065198219018,0.9249068888410297
2000-05-19,23.062021165977736,-12.803386061448926,-4.018568887409444,2.631341679535029
2000-05-20,22.277297482738582,-13.116502023012492,-3.634340118463484,3.5617877501343953
2000-05-21,22.947799555376488,-13.412780754738916,-2.2305485831875007,2.622539431882473
2000-05-22,23.15408386850279,-12.929651572149684,-4.466129147981501,2.3554230345780542
2000-05-23,23.75924240889531,-13.383883852177574,-4.781926431220788,3.3224081337559435
2000-05-24,23.092697380920104,-13.325621260962802,-4.264872977781994,3.0800067630555117
2000-05-25,22.456124804521384,-14.632762063388956,-4.780697039443245,4.529231665191841
2000-05-26,22.826888385969298,-14.029026073531337,-5.060873381683799,5.386645769595988
2000-05-27,22.368344900858933,-14.406796153921682,-5.363803598319278,5.450168766028811
2000-05-28,21.475796087105653,-12.786699585563671,-6.184046668306711,5.419247727159527
2000-05-29,20.823137220951473,-12.613910840229837,-6.583662896928547,6.736762536010437
2000-05-30,20.603883326831163,-13.005908137336956,-6.608583260266938,7.042906824206319
2000-05-31,19.968474236515327,-13.954321560849431,-7.851835925172571,6.991509958546439
2000-06-01,18.545706864176417,-11.929002262597157,-8.918568781306305,7.913322810727372
2000-06-02,17.45742214249638,-11.865391940572147,-11.012337196240201,7.817961015662097
2000-06-03,17.423949029352816,-11.778468587245841,-11.356649504773006,7.904617436704732
2000-06-04,18.3713619734486,-11.53739050235912,-11.317631555296742,7.116169639943527
2000-06-05,17.818656267888574,-11.119735579475362,-10.152569588023336,7.214042827356767
2000-06-06,17.043303624229754,-11.677429624326633,-9.645844828810931,6.753167967639975
2000-06-07,17.758727600384745,-12.280236435228883,-9.655239400374713,5.671673480661185
2000-06-08,18.533786850402155,-12.795315551542622,-7.489174606400013,5.264040679190452
2000-06-09,18.349128577332003,-11.735140652072905,-8.981514546150635,6.1708430222402555
2000-06-10,17.93473223020468,-11.122194834721212,-9.039462789231283,5.064024840805564
2000-06-11,17.70240129663713,-10.91556986459102,-9.376678661106796,5.811450798082558
2000-06-12,15.329320513066794,-9.679925054878584,-8.930759327725395,5.209652211130184
2000-06-13,13.840409530112048,-8.952123674349362,-9.196938582769626,5.748832669950752
2000-06-14,11.455598674175612,-9.912640736439373,-10.500984221976514,6.352913076778266
2000-06-15,11.995646864816395,-10.252052444598597,-11.909984655699475,7.260572784408993
2000-06-16,11.078988361518915,-11.966217498373577,-11.691325394128652,8.60414535742365
2000-06-17,10.328865885604237,-11.80570721975723,-11.470477164056605,8.753364835126215
2000-06-18,10.772746177319029,-13.333649571033064,-11.502149490699624,8.22761881369211
2000-06-19,11.148179438415657,-13.463363070971083,-11.723794650874073,7.897272427723736
2000-06-20,10.509476509412238,-13.681119170894053,-10.932182328484476,7.4678769124327316
2000-06-21,11.296987655459384,-14.446972859537444,-9.794269552248974,8.558219942504325
2000-06-22,10.989210550014848,-15.175384913726985,-10.66073571166995,8.793341951066834
2000-06-23,12.32411758149444,-14.221165865297673,-10.424817980719347,8.517858774451065
2000-06-24,13.521926646300876,-15.094235233492373,-9.516821716563586,8.066017851539062
2000-06-25,14.542989383494092,-14.854460603007068,-10.237983312670156,9.975181592081727
2000-06-26,14.556500548633059,-15.967825035653693,-11.518342406148083,10.671430277688659
2000-06-27,12.296830406092386,-15.54692781608267,-12.85102435839333,10.74572513223999
2000-06-28,12.164607865578278,-13.712709812782146,-14.262215840653305,11.852192298755265
2000-06-29,11.375162034137619,-14.233955365208772,-14.088754479373527,10.381529969041082
2000-06-30,12.47862477502201,-12.84596877597514,-15.880612676841396,10.044081328636565
2000-07-01,12.395417092350781,-11.100290993173477,-14.29702853509684,10.779007292607009
2000-07-02,11.90952167383511,-12.07989588865843,-14.023844230643606,10.980873082138068
2000-07-03,12.377069908797521,-11.256843964468203,-12.273173860756826,10.667098876568396
2000-07-04,12.726937364943947,-10.442838239758789,-12.162022993508895,12.15127660794405
2000-07-05,12.14328516506443,-10.598936242464047,-12.966935493213782,11.958642738107836
2000-07-06,12.362157906265619,-9.374327888818168,-11.769398969896976,13.230749492054038
2000-07-07,13.395831012944134,-8.56597686741623,-10.779185628601024,14.254781623655061
2000-07-08,12.999955606657174,-5.739705124770218,-11.172267460198233,13.170229711087265
2000-07-09,11.231992030186666,-4.525331600689352,-11.264073206224518,14.199510148366663
2000-07-10,11.709466471098334,-3.0665040115199145,-10.625304624560627,14.650684884113927
2000-07-11,12.681666274728489,-2.9841859442721734,-10.1657956473685,15.027731830406264
2000-07-12,12.237601311112812,-1.1613359623440191,-9.797137795818497,14.184103647432773
2000-07-13,10.54735379877634,-2.8584824358081145,-10.863870419933965,13.01738454539835
2000-07-14,11.03523827061076,-2.945594230689336,-9.40853418855152,13.286130087705676
2000-07-15,11.460264958537316,-3.742623815213934,-9.608752749708993,12.934567991143734
2000-07-16,12.066204259827657,-4.065582787049872,-7.738584024061617,14.440744053138378
2000-07-17,10.953573940228083,-6.113601661302208,-6.809134534141407,14.899306624653903
2000-07-18,10.62112865395208,-5.973289668142467,-7.184073659238917,16.308271067998692
2000-07-19,9.739038458540898,-6.354394812515541,-6.718480255634551,16.1929055359729
2000-07-20,10.361021673238564,-4.464016962232966,-8.550451233129387,15.090305962029564
2000-07-21,9.152534191822552,-6.443124161000108,-10.156814764835703,13.560421393010571
2000-07-22,9.236429076190381,-6.318955121157443,-7.289161162844929,13.778748233248024
2000-07-23,9.342595346145359,-6.548007729161524,-7.403544534855988,12.944284698170007
2000-07-24,9.324237628909252,-6.699014201622771,-7.6262635826283995,13.095797608664348
2000-07-25,9.447161748003879,-7.6935067201189495,-6.934895874910159,14.246463852532042
2000-07-26,8.973500054342978,-8.450318731850247,-5.729926808953062,16.44822866205358
2000-07-27,7.167818273299799,-7.532662104922722,-4.487060574169794,16.956913706046798
2000-07-28,6.146975698906533,-8.086766754398887,-5.04908313152537,18.32267035799895
2000-07-29,5.878122080703375,-9.004916790514528,-4.3075602578641545,19.134647398381496
2000-07-30,4.05615620922978,-8.477760554648873,-4.250234524174931,20.396832812540172
2000-07-31,4.08586966845646,-8.31550754595723,-5.114808805543441,19.831965099377335
2000-08-01,3.6097970897005722,-7.244536158968806,-4.622320275916978,21.064411855220346
2000-08-02,3.3772832766996155,-7.857582849614773,-5.098774767080354,21.565112754718047
2000-08-03,2.255875695100319,-8.449949699498587,-5.778376564854029,21.338378273455987
2000-08-04,1.2326544110371722,-8.121340147687341,-8.080040233933213,21.758708763656987
2000-08-05,1.089797730511071,-10.334221450376083,-8.735398241181585,22.81834555253842
2000-08-06,1.3938068614770485,-10.981368932098263,-9.747554857160635,23.582841602640684
2000-08-07,1.5352308915840083,-10.866309866323524,-9.647834125908275,25.15051912521994
2000-08-08,0.8042467529466354,-11.16194655859513,-10.256304715699999,26.163027059056738
2000-08-09,2.1724440009389783,-11.539874883456338,-9.403029569753244,26.131187319474524
2000-08-10,1.5249577469354234,-11.497648677207023,-10.353709583583113,26.34962363690652
2000-08-11,2.3210204525219384,-11.447353397789978,-11.417150058733759,27.279568989965078
2000-08-12,2.5670747730576355,-11.350292390168851,-13.860130074412984,26.304587964997715
2000-08-13,2.7227643639079293,-12.334780080918613,-14.548868046943301,26.6410655055584
2000-08-14,3.5562707704165017,-12.696092696470311,-14.678868410665721,27.136730903447017
2000-08-15,3.3768076979415778,-11.239282225687862,-14.876575857320416,29.263199594862783
2000-08-16,3.635788848230468,-11.340316344206544,-16.76748195793614,29.821485005010203
2000-08-17,1.7515591662484513,-11.272592037356915,-16.479864521086018,30.078374787530777
2000-08-18,1.6786383223673045,-10.098239600028977,-16.445848223503347,29.289259502222457
2000-08-19,2.3469824177084226,-10.944964985644448,-16.198586428758528,28.04951337683315
2000-08-20,1.597785858416192,-11.413234045187831,-17.886950523719975,27.498929052332688
2000-08-21,1.8494864344227506,-11.594103090560091,-17.093575586236053,27.405646318650934
2000-08-22,1.6368107743224647,-11.306615929588519,-16.15043501095645,26.67179495238447
2000-08-23,0.5318601643521892,-9.89109841705371,-14.247689468240026,26.006478903094678
2000-08-24,-0.04093888303645765,-11.452473184127479,-15.017674520763409,25.68440201091629
2000-08-25,1.7060112189553271,-10.191547581125132,-15.48376553312565,25.583843265017872
2000-08-26,1.2400729368009484,-9.473342501039253,-14.154629556273973,25.77382044633241
2000-08-27,1.736644683518965,-10.147925538010817,-13.912589262416956,24.422603784396607
2000-08-28,3.0882147108445173,-9.354160371974945,-13.704826511771662,23.276948774922896
2000-08-29,4.643334039709676,-9.137638581574482,-14.598556783857585,23.160621512588012
2000-08-30,4.10371494221785,-10.823009273211019,-14.834465137384628,23.00446659750525
2000-08-31,3.3779349316221348,-11.317284558595734,-16.332851905547745,22.12758978017504
2000-09-01,3.8631280685760396,-12.524550081458802,-16.172101152338982,22.46296851010666
2000-09-02,4.304946321228243,-13.018095168107715,-15.881470521651034,22.88175025896236
2000-09-03,4.163540629836905,-12.105187553744294,-14.479240824952068,22.61365179595155
2000-09-04,5.868882153046285,-13.4797142277412,-13.564887407523116,21.1044042207116
2000-09-05,6.281163789287045,-15.38414152051959,-14.267878374034428,21.39563773327715
2000-09-06,6.386550174926832,-15.167576903134854,-13.151136486131307,20.2354655759537
2000-09-07,7.815560978819432,-13.354153054309585,-14.300927460057787,18.31664483749321
2000-09-08,7.5413143706831,-10.219708575908259,-15.954282240240762,17.654174355725846
2000-09-09,7.708845729056885,-9.648310834355264,-16.286663064552176,18.73918501436818
2000-09-10,7.278471658342562,-9.53396304001427,-14.875100988245345,18.06965401008549
2000-09-11,6.405647447875788,-10.041254858010225,-15.30670155217654,18.244511721555835
2000-09-12,6.328098239254718,-8.886576878535454,-16.02134806621895,18.612890758782775
2000-09-13,5.061107452539044,-8.277963979458333,-16.528382393143044,19.02053507719397
2000-09-14,5.8038933594165005,-8.048390055374673,-16.282053892545896,18.093951787960645
2000-09-15,6.14897207315626,-8.366210856644617,-16.13812006212247,19.08644683804403
2000-09-16,7.599317419998426,-8.545905181701027,-16.963612696967367,18.63493098855344
2000-09-17,6.566295258699375,-7.765462869106646,-16.107645038978323,18.20422287406663
2000-09-18,6.446819378470414,-7.667441873456394,-15.574517033615182,17.854108871320093
2000-09-19,5.0469371728671915,-6.568494807545069,-17.037013814580565,18.496323189757792
2000-09-20,5.1987688828315655,-5.34682861458276,-14.551782637080258,16.614693397201638
2000-09-21,4.652971406000287,-5.064263523713027,-15.578655485870204,15.98964288834028
2000-09-22,5.24862885331419,-5.203819714875232,-15.570814227518827,15.890644397972027
2000-09-23,6.540642616832223,-4.810304771384844,-13.384147664482892,16.29956980862908
2000-09-24,6.627336674027792,-5.8615415403730955,-13.6187704519011,17.45917462849533
2000-09-25,6.602342532439926,-7.752944503271323,-14.705439028494464,18.536000005138842
2000-09-26,5.9234846121869085,-8.244990891215933,-16.05212921331921,18.784168080827012
2000-09-27,7.657342601408596,-8.952804239466005,-15.20680676991569,18.829664408791206
2000-09-28,6.6628161268087505,-9.13187243918255,-14.560589571646892,20.61582479500607
2000-09-29,5.05243245937104,-9.675622625337757,-14.594273885085789,20.261989115122308
2000-09-30,6.430577530164533,-10.863796103647275,-12.575054009196874,20.44919745179752
2000-10-01,6.192029341504595,-9.431059166866056,-13.397805735683011,18.422486643801694
2000-10-02,3.961706807573232,-9.679294181137214,-15.219918896312404,17.45441543902858
2000-10-03,4.158105556006716,-10.635390582581493,-14.908719751730992,15.82744040533576
2000-10-04,4.524472439801867,-9.979343657579651,-16.700249892083168,13.748466745974753
2000-10-05,4.1707314722705915,-9.896372653580293,-16.943787718802263,13.389752845921329
2000-10-06,3.319856419887645,-9.52117270456412,-16.90958731918553,12.974336275592607
2000-10-07,3.3398768689109337,-9.08239471692035,-18.169081451879983,13.718553327538213
2000-10-08,2.5519991945166485,-9.934940712475548,-18.489191442181635,13.17507785218398
2000-10-09,4.193456044887897,-11.36955110488604,-17.871942466854478,13.841878841925563
2000-10-10,3.9758701310852973,-10.981323053616164,-17.596240926043635,14.185533341591164
2000-10-11,4.702808907714134,-11.172479136172605,-17.228971682925017,13.667199208211951
2000-10-12,3.1486801923646768,-12.652333089735588,-16.72750578281558,12.715825677057792
2000-10-13,-0.4261131378419143,-13.556223596441276,-17.32934158265976,11.690242146474413
2000-10-14,-1.7436479912081801,-12.33861205520421,-15.136387766301935,10.832790505175009
2000-10-15,0.7090228211547305,-12.446251920365777,-15.958881318705329,10.545206077513921
2000-10-16,-0.47452475003858896,-12.621057422618188,-17.325470011697178,9.715668009941982
2000-10-17,-1.2531038452952898,-12.066776398654392,-18.054912261735204,9.255079942121707
2000-10-18,-1.3408912070377137,-10.485395216241802,-17.955555326455205,7.784661009018823
2000-10-19,-0.9022871420728392,-10.533674417346958,-16.410599466253622,8.897929074755549
2000-10-20,-1.00650156998639,-7.759045809098742,-16.71101557139121,9.004144610526636
2000-10-21,-1.9679925505281948,-6.609346176660557,-16.098658734313336,7.74566288880352
2000-10-22,-2.007305979022438,-5.861863271570109,-15.437439688307895,8.601866854728511
2000-10-23,-2.768135155994736,-4.606827700969561,-15.04954339813432,9.281625789562877
2000-10-24,-4.362453516703194,-3.408024737825825,-16.645383796618503,9.664682567568729
2000-10-25,-4.839692616961453,-4.773447718008995,-18.722989315081396,9.332430304638354
2000-10-26,-2.9926885981586198,-4.787965858319201,-19.153992080775822,9.758872218244107
2000-10-27,-3.8985485801345976,-3.8760552230095326,-19.25508310322324,10.614315749965787
2000-10-28,-3.674689164305504,-3.7289085586620505,-18.610827432877397,11.017421139169242
2000-10-29,-3.3008211437304924,-3.6740708418977674,-19.405377364191853,11.274623155114012
2000-10-30,-2.239910677336249,-2.5374205924629427,-19.48474319877418,11.138059969617657
2000-10-31,-2.3520601059858968,-2.779746922266544,-20.99146479369403,10.481834459126354
2000-11-01,-2.6206520472702906,-2.8316721937753067,-23.177666321980663,9.037789028662392
2000-11-02,-1.8034780261498873,-3.9923781884701404,-22.83678616537458,7.0029502794479805
2000-11-03,-1.4496345550071732,-3.891181204062937,-23.85275899749573,5.668845066593651
2000-11-04,0.3019075877874451,-2.1995223505738015,-23.987231611915128,5.041671727259431
2000-11-05,-0.45749514697066984,-1.4778706162849713,-24.512934764244374,4.49711096107656
2000-11-06,-1.3626344004193682,-2.3318276473059987,-23.77845914986952,5.217762307598239
2000-11-07,-1.9568184056868692,-2.757677976701062,-24.304613629839928,4.002437925783591
2000-11-08,-1.801709159490634,-4.20730565705558,-25.018753806931215,4.713363817026559
2000-11-09,-3.5403597924363295,-2.629127116045722,-24.817033514735375,6.37878912802084
2000-11-10,-4.893369304906158,-1.4095837589685072,-24.722634694323922,4.137333131647666
2000-11-11,-3.7723285564985414,-2.1515779754685926,-24.727387077022193,5.599234939304474
2000-11-12,-3.440407431555147,-2.7445467562328894,-26.60321657545767,5.351158189303021
2000-11-13,-3.098359715426277,-3.220480789140261,-27.85000825085274,5.293979335734976
2000-11-14,-2.639753409268497,-2.9254698356832023,-27.939736287519235,5.5645267641748495
2000-11-15,-3.5777496767988266,-5.2060294105112535,-28.078695357021218,6.575761058731483
2000-11-16,-3.595862886155457,-5.588708084506819,-28.873029905940758,6.062161977777992
2000-11-17,-4.643007720170457,-4.503829749496353,-27.97414494449022,5.684848321050078
2000-11-18,-5.707763977696557,-5.2133659255129,-27.338252904524992,4.530754300903894
2000-11-19,-5.027719856507323,-6.794009465850195,-27.764512251989945,5.510498450809456
2000-11-20,-4.32079372313366,-8.97311440591717,-29.780597190678833,4.20587752024602
2000-11-21,-3.606887452718621,-8.734986018703086,-28.872195815916626,4.64253383514022
2000-11-22,-4.282810372375419,-5.452134950310876,-27.902982180475927,6.085700895681301
2000-11-23,-5.14657428916001,-5.9874050745455305,-26.25806001077359,6.238113872386518
2000-11-24,-4.323133926069438,-5.833297247065658,-25.682561510299706,6.980610724061001
2000-11-25,-4.87077329679656,-5.5238780900306255,-26.303654666290544,4.422184098107522
2000-11-26,-4.0518011950715564,-6.067777058827577,-26.91432526384958,3.945873960918829
2000-11-27,-4.218190427653109,-6.833090610184192,-26.791285514251825,6.346865987233645
2000-11-28,-6.192161055087682,-5.3877928542444185,-29.779345498546892,6.093468459221004
2000-11-29,-5.875157355424394,-5.890643307419145,-30.169669514321352,6.949303395700252
2000-11-30,-3.9133537702965073,-5.922180289148233,-30.186932471522116,7.9656434086411885
2000-12-01,-4.117002086040214,-5.60778318398258,-30.182965008673754,9.906023984617942
2000-12-02,-3.033644870862184,-5.623968241536265,-30.22491030637443,10.34806209422325
2000-12-03,-1.4933021931572816,-5.240313451294523,-31.21119124789205,8.606065147531977
2000-12-04,-1.4506720251970264,-5.0831277334552825,-29.416194189067163,8.301762702400675
2000-12-05,-2.65635011659589,-3.4033209530469524,-28.552367737690396,8.315236716297079
2000-12-06,-2.5756876688243358,-4.547381757184125,-28.40109561602343,7.185760921340455
2000-12-07,-3.439798370545661,-4.134926871710282,-29.21416866200472,6.761594228118048
2000-12-08,-4.305992373132277,-5.067673793564328,-28.919751167755827,7.426869662643298
2000-12-09,-4.272969850032478,-4.002090251086589,-29.939399367547544,7.147862079419264
2000-12-10,-3.725418946222368,-3.9128553456630395,-31.35948872562183,7.474008951047473
2000-12-11,-2.731208023051932,-2.6439013312335113,-29.673983620180856,7.984817166754981
2000-12-12,-2.5276883428428727,-4.968509286460079,-30.745073642613644,7.415653873231571
2000-12-13,-3.733922435447268,-5.0687663836003445,-30.924472689594037,6.9520838914283285
2000-12-14,-1.9909232022535754,-3.9319121004056177,-29.866081754413,9.132876396953506
2000-12-15,-1.2498583881568655,-4.812754914688906,-29.63823655834419,8.230458797381303
2000-12-16,-1.3939389606815247,-5.258861065587498,-30.758329854705767,9.223426306717
2000-12-17,-3.3633848164368345,-5.139778551822964,-31.14428640505407,9.736545105645533
2000-12-18,-3.6576657192314097,-4.146668951326714,-33.58524788759635,9.951984233646305
2000-12-19,-4.715664333262885,-3.5675341886160683,-32.26957549944392,10.255229535661794
2000-12-20,-4.086117362083199,-2.891067501488558,-32.59120382654018,9.015757382107486
2000-12-21,-3.7083835052993686,-2.882078734878131,-34.04756787923752,10.792355969140985
2000-12-22,-3.0151130694809023,-2.6408416362184157,-34.520212228693296,13.036109948009123
2000-12-23,-3.50768405148008,-3.6018221886644555,-35.1916152721191,11.954100075380136
2000-12-24,-3.1074496516028662,-3.607147002274976,-34.359338677961674,12.31538234135062
2000-12-25,-2.697725158276854,-4.5712762271774885,-33.06483197758069,12.738450729474
2000-12-26,-1.908032976355117,-5.028072063909168,-32.38667030271788,12.281883102758725
2000-12-27,-1.0689173704207653,-5.8139059689036925,-32.42175100033428,11.4729312663533
2000-12-28,0.06938831962340197,-6.284113168709569,-34.08520721258483,12.263425162180798
2000-12-29,-1.103650191930758,-7.967847519556036,-32.83441822747562,12.036090854951507
2000-12-30,0.0982607539197613,-9.00787147915071,-32.58174965602772,12.26969352610259
2000-12-31,1.4461624474629469,-8.765384934788479,-31.71283607109748,12.042774471066187
2001-01-01,2.0374319025275773,-10.4209115964979,-30.305182481279306,11.918674557274134
2001-01-02,2.4646727713834693,-6.800948678994212,-28.962741924244227,12.554027669894676
2001-01-03,2.588546847100749,-6.432687882076983,-29.59062289813618,12.184398777463624
2001-01-04,1.820959128089944,-6.499427037411183,-29.670742905772446,11.455707511377035
2001-01-05,0.984110741142281,-7.425800771484236,-29.851330694782813,12.386623240543264
2001-01-06,2.3483758763724625,-8.838566174167733,-30.531792817978303,13.277330182511248
2001-01-07,3.463679945363187,-8.050317802363454,-30.89146508296183,12.089105370881622
2001-01-08,3.875894385023591,-10.566587463481389,-29.687151862883017,11.032199909432773
2001-01-09,4.931451642709168,-11.956859492116209,-29.59423332021921,10.481470990796483
2001-01-10,4.794851303480602,-11.518270064406424,-30.839327628403343,11.37123824298835
2001-01-11,2.368350092115634,-11.21896428309205,-29.502275299055984,9.008338963759712
2001-01-12,2.688998895638314,-9.67242458833513,-30.209457340339576,9.89903716677234
2001-01-13,3.5124507777995704,-9.795799465757288,-30.095499655494404,9.834017382470755
2001-01-14,2.109231305028778,-9.738865025465458,-30.362799863652906,7.859495458202038
2001-01-15,1.7257376562089282,-10.575234085255554,-30.446865891365213,10.670638963839709
2001-01-16,3.098148535485712,-9.804098599162266,-28.763301098576804,10.650231839269601
2001-01-17,4.429349983755694,-10.307745038379533,-28.661715565337825,10.976628983463915
2001-01-18,5.333582990021429,-11.447019752298184,-27.75934935628446,10.616246956421064
2001-01-19,6.116242921694583,-11.267055351205668,-26.800884812728842,11.304435192970423
2001-01-20,6.48498338731836,-10.50059571347402,-26.971879830386495,9.489032382224936
2001-01-21,7.289199101465338,-10.37233549385081,-27.36661389995972,8.756004093477978
2001-01-22,7.513235121489608,-10.621132121541747,-26.609012063507805,9.389833915461647
2001-01-23,6.927846794334938,-11.723689964203706,-26.643536897705914,9.702333038545984
2001-01-24,6.789950672793313,-11.127550063204477,-25.631840680849056,8.243683711581621
2001-01-25,6.956205851726654,-11.499918653190246,-25.973696193380615,9.326406525584096
2001-01-26,7.417243651932008,-10.543155304208899,-27.599807383971115,8.561847219844335
2001-01-27,8.999640475162742,-8.867664749214422,-28.32514237298427,9.280788042497743
2001-01-28,6.823572059162657,-9.812097691844087,-27.693526112148607,9.046985292975043
2001-01-29,7.5281594637450295,-6.356412767315565,-26.93681009711578,10.283720552641743
2001-01-30,7.557785708611231,-7.883966320324846,-28.15367046051012,9.97903361325959
2001-01-31,9.199588488108098,-7.510709679924373,-27.689887247782732,9.835269829116795
2001-02-01,9.520272841939951,-6.670543125431611,-27.124501563038486,8.981337082959117
2001-02-02,8.920057520549907,-7.8952989685532415,-27.85223997108826,10.47060012276429
2001-02-03,9.502058997661537,-6.556279220282596,-28.399881480863932,12.08300164236503
2001-02-04,9.983957124452697,-6.616642669515415,-28.904841050754126,12.39136727107952
2001-02-05,9.65187374662804,-6.952419893831349,-31.005263565067857,9.700405128446373
2001-02-06,10.366307098429889,-7.517626368090571,-33.96559429489676,8.627182172115997
2001-02-07,8.581232621621233,-7.69995285525277,-34.061588140868665,8.662288869436905
2001-02-08,9.50368982107354,-7.918023733047927,-33.59698573845334,8.363946476535133
2001-02-09,10.30890916508047,-9.075260724377536,-32.53442043054838,9.503581089673329
2001-02-10,10.683474915377806,-9.527478834348134,-31.27254292239091,11.977349000163287
2001-02-11,10.232469741430405,-8.32021578000063,-30.452401618773834,10.545463025784057
2001-02-12,10.654726075273745,-9.333750072274889,-28.84931333282004,10.02915307300411
2001-02-13,9.033303561094051,-9.70274866466943,-27.87245993403489,10.240164900720998
2001-02-14,9.971517803212825,-6.344496456996543,-26.95516818429807,8.930175561346369
2001-02-15,8.963292743777922,-6.532974901703242,-26.462218974987827,10.218906787190186
2001-02-16,9.53401751371943,-6.412513336213216,-25.1037479122486,10.048353204598511
2001-02-17,8.270861741151137,-5.546778912818678,-25.866411685295056,11.055311924260916
2001-02-18,7.889545985283249,-7.175612000366154,-25.600416506856536,9.746013820002718
2001-02-19,9.178314599908484,-7.232573523793785,-26.274872401189555,9.568186758468213
2001-02-20,9.486170112221519,-5.758809685962454,-26.869919419921732,9.477907400840248
2001-02-21,11.009804240031203,-5.255230922138488,-29.230410376767914,10.222053633879293
2001-02-22,10.712745199202567,-6.388527328144517,-30.273107048516177,10.76299440746477
2001-02-23,9.565689182365308,-7.348091902105933,-30.906389556227307,9.920750328045914
2001-02-24,10.962533261826197,-6.9287015766426485,-30.763448215395023,9.40973464825696
2001-02-25,9.38921452176534,-6.3282776613097464,-29.999266651647297,10.812711900835481
2001-02-26,8.091964998406178,-5.849526267998072,-30.887838568281037,10.667815436350136
2001-02-27,7.3795604170172515,-4.863013420185126,-30.4097494479243,10.047203532514517
2001-02-28,7.287475108930554,-5.9597495535705125,-29.920408103384048,11.025820561632498
2001-03-01,5.709870608274713,-5.389975730143797,-31.622060806041713,12.309745993234605
2001-03-02,6.782539109797099,-4.2556942426883735,-31.138837042212103,10.75857856416612
2001-03-03,6.469698157342334,-2.5111077555158636,-30.93695724869043,8.728612865372675
2001-03-04,6.363038022622348,-2.8429473322252377,-32.52856348980288,8.232932687010273
2001-03-05,6.607449729099607,-3.7609532908260013,-34.858030689937365,8.187394876324015
2001-03-06,6.6928947378821375,-3.867627978647645,-35.176163445880604,7.059132875459126
2001-03-07,5.272162120467446,-5.924857765781361,-37.574802720010965,6.80047504956735
2001-03-08,6.59417567687942,-4.6256297375258955,-38.85103631540552,7.140459830859696
2001-03-09,5.886011361706976,-4.831449067629115,-38.82217914011282,6.697293717582754
2001-03-10,7.323236941634652,-5.547395675194583,-38.86778959169598,5.498980790674619
2001-03-11,6.255644870774285,-5.822246566150058,-37.84981239935604,5.38112725957289
2001-03-12,5.925404222040334,-4.924710701324859,-38.942421073567296,5.384289974851639
2001-03-13,7.39291539037879,-4.551698758310285,-39.730357739237085,6.183177706038479
2001-03-14,8.393255274716227,-4.847387410458087,-40.02935753834025,7.252899765413701
2001-03-15,8.089196979246905,-4.756956407415258,-40.84112102989855,8.087227410355636
2001-03-16,6.858869950285261,-6.135142575553536,-40.200497688634606,9.617577779674686
2001-03-17,7.973199831433404,-6.557343991913795,-41.709851639431285,9.104570255575208
2001-03-18,8.585609136407253,-7.927397180515156,-43.162565758988535,10.795705630140368
2001-03-19,8.291908596118406,-10.618232119183716,-44.360605549074855,10.525476918171826
2001-03-20,10.242209856715412,-10.800556917131887,-45.17116769842365,10.670259266398874
2001-03-21,11.27879523850855,-10.074592411466444,-45.41125820330536,10.170144549503298
2001-03-22,11.783274736985938,-8.907137485768938,-44.80099191210776,10.427175766133812
2001-03-23,11.959477351539322,-8.34133240372408,-46.157059084549154,10.729023457978997
2001-03-24,11.57805552081841,-6.249519872917157,-43.7492928379462,10.271863616621994
2001-03-25,11.338474966749812,-7.202846508226736,-44.44634153251436,10.270499106892657
2001-03-26,10.862070693696479,-10.137239923123966,-46.26456940617681,11.863628737705833
2001-03-27,11.778674204733168,-11.114911173751503,-45.00005220445093,12.615702299104361
2001-03-28,11.428605605326485,-13.610317864187685,-45.13286479011184,12.657002778068266
2001-03-29,10.828443652727637,-12.085998895378639,-45.10763041324103,13.095741688225452
2001-03-30,11.11696621983361,-13.581526199056674,-45.27893825811947,13.366012939337308
2001-03-31,11.530247716497543,-13.306499728756059,-46.276640440645416,12.411340803438392
2001-04-01,12.362145065982153,-12.380069514217794,-46.957438823445095,12.124341493616388
2001-04-02,14.3280330861345,-13.082708401912814,-47.366228906758785,11.15735928706301
2001-04-03,14.474605177678566,-13.85837045918396,-46.026822799651775,11.668123135264103
2001-04-04,15.462427947281315,-12.784514374689136,-47.67674226941967,10.72422318495511
2001-04-05,16.080452200650313,-12.881371811639996,-48.57248897015654,8.094980683534182
2001-04-06,15.530734448604285,-13.935440048609452,-48.13695696516971,8.63492581572943
2001-04-07,14.670808884593944,-13.584713999227969,-49.60960999235107,10.063085173422646
2001-04-08,14.838906335786424,-12.431080249967376,-49.73754738390894,11.166268484184846
2001-04-09,15.102357294303626,-11.563273603052817,-48.88522019364412,11.195045063029848
2001-04-10,15.631841358931565,-12.021364905317554,-48.02239657371684,10.530184780605154
2001-04-11,14.918842764081802,-12.15528431833359,-47.19207360621385,10.344334308930222
2001-04-12,15.054379155440587,-10.92876990048022,-45.27153106234967,11.330971836272445
2001-04-13,14.299143235916981,-10.917320629691307,-46.83125387550295,11.14847029794132
2001-04-14,14.06758694547836,-11.285198421450787,-47.44953510335674,10.55132545274755
2001-04-15,13.884652850093726,-11.484120417224826,-48.5472971959697,10.113318489770144
2001-04-16,13.908545487458838,-8.700393870884914,-49.60583793437741,10.66409968231785
2001-04-17,12.330641393621912,-8.321757907715693,-47.324506638485815,11.678165530021362
2001-04-18,13.034716427046677,-6.674328305919232,-46.07586168536333,8.927418371576536
2001-04-19,13.277494958904857,-6.345132621042371,-46.72316394471319,10.090925515469172
2001-04-20,12.692057576349356,-5.999256565359358,-46.91944470485299,9.61762698919333
2001-04-21,11.279772138366825,-5.825814181203584,-47.21717656786015,11.473378413826566
2001-04-22,11.506068751802191,-6.724455402423949,-45.57255119210813,11.161425238958943
2001-04-23,11.541201418078664,-6.5675212733538215,-45.84460627247444,10.65795448233203
2001-04-24,12.326865278783533,-7.255262618716382,-45.07511702572339,11.417363101438836
2001-04-25,10.608786550655443,-6.160416551026997,-44.25974412627818,12.56813418053211
2001-04-26,12.587340993789793,-5.8034153998893805,-45.70593529655927,11.365301886125113
2001-04-27,13.151546233026199,-7.412346181852912,-45.84992596873779,10.776997479922514
2001-04-28,11.956645661343337,-8.317196060001663,-46.274594862496926,10.867030495313003
2001-04-29,11.718820348161142,-7.641623369663781,-46.788583187053234,10.264106584264093
2001-04-30,8.963845716074701,-7.998196312453707,-45.510980969612426,10.623674864078655
2001-05-01,9.089909619429573,-7.414331360408317,-45.23771751853606,10.049464860177128
2001-05-02,7.376933528118109,-8.334552097302502,-44.65126283413071,10.474135796294359
2001-05-03,6.806961195565318,-7.089799108562501,-45.47133723186027,9.716686817141719
2001-05-04,9.2042903180396,-6.848015488816603,-47.65118699160451,10.485465844280608
2001-05-05,9.846416234767378,-7.150826290643368,-47.112539995969854,9.819546400145446
2001-05-06,9.408128787833954,-5.219367315714126,-47.751726607345304,10.39741272305939
2001-05-07,9.35867999808461,-7.709158368633303,-47.67200163934637,10.419054684469206
2001-05-08,8.002114958450248,-6.080438245573575,-46.36106763221861,10.81322599001366
2001-05-09,8.185904193074185,-8.50082213938428,-46.56394158667227,11.308735008290688
2001-05-10,9.313773665881058,-9.912828270013613,-47.09006015118011,12.038854825663925
2001-05-11,9.293859205297354,-12.94412370117064,-47.928436892360054,11.847090816027823
2001-05-12,8.95852982624837,-12.327753320796832,-46.7775005923461,13.748657853179587
2001-05-13,9.565740657302666,-12.452838776772191,-47.277692044518666,16.33927114151992
2001-05-14,10.003730878207072,-13.06821856154844,-45.26834395850921,14.17663504626373
2001-05-15,9.973761677562779,-14.5617738363503,-45.352695525744394,15.598993181921054
2001-05-16,8.621415737353045,-14.282959339640582,-47.2848121949491,15.662582717430597
2001-05-17,7.052476981567231,-13.93243369523817,-47.69238629256419,14.634366775423368
2001-05-18,6.011197575308829,-14.484558832175196,-48.65979202484163,14.767179446431452
2001-05-19,6.152751894319206,-13.80157868582221,-48.49403179656694,13.6732699630915
2001-05-20,6.489742315111666,-14.719585735636795,-46.766490457788606,15.616108663903177
2001-05-21,5.741157434761748,-14.948007887350611,-46.78243474029642,16.262844368773727
2001-05-22,7.301087136319518,-14.38723479584898,-46.2865799111765,16.388330414004283
2001-05-23,7.680900346161509,-16.40295125523044,-44.95327509426061,17.13197957505126
2001-05-24,7.914893876569138,-16.765820739117128,-44.20911127693984,15.998224261018139
2001-05-25,7.298873938024633,-15.998965052552233,-43.41194288850057,16.245994149609214
2001-05-26,6.728998759592287,-17.447776886929088,-43.950248227961396,16.82488096826581
2001-05-27,6.692483517810507,-18.840346721495322,-43.08038702325013,17.077349757870834
2001-05-28,7.696960287446701,-19.103517299188777,-43.1327720866886,16.903876726742894
2001-05-29,6.957084742109395,-18.049281296380293,-43.68212726253184,16.33732458005643
2001-05-30,8.725073895363629,-17.839690181736017,-43.861417651420474,15.594633679830707
2001-05-31,9.773722197980742,-18.022845753435412,-45.17871458278164,15.233922251258116
2001-06-01,8.559668129746633,-17.8482021975797,-46.88247934086153,16.282063361415453
2001-06-02,9.219563968066911,-19.17142068281624,-46.553052970941756,16.502460997790955
2001-06-03,7.1536036659625495,-19.28990202393947,-46.06294981525196,17.898189123967786
2001-06-04,7.107895875679971,-19.507410279019293,-45.81169883711954,19.025506547324955
2001-06-05,6.446265071604202,-18.276063178046588,-46.31757681729513,21.25310568445948
2001-06-06,5.853963714165579,-18.682557617767735,-45.83618772985525,21.688476965327826
2001-06-07,5.476265908061928,-18.220368037546283,-44.33422220043241,21.307910052874107
2001-06-08,5.649980698235356,-19.882511114446263,-44.08044456114319,21.713838513606174
2001-06-09,7.258106585581517,-19.971385982426217,-43.742509156541125,21.19484730200717
2001-06-10,6.005145266685118,-21.466264180681378,-42.298577788056534,20.929285903348998
2001-06-11,7.250294041719531,-21.1047124670634,-43.49460966300591,20.57633900742507
2001-06-12,8.686845979627707,-22.049272090791796,-44.47038051494723,21.228476243795807
2001-06-13,7.850962444720853,-23.59167318596099,-44.58914163480968,20.40427223036743
2001-06-14,7.650968707362796,-24.53666779845481,-44.09378121764979,20.951779892411178
2001-06-15,9.066450699343811,-24.632442377831477,-42.403500447748954,22.114922909459263
2001-06-16,9.061756711370306,-26.267893707181784,-42.54084855332278,20.673287849224273
2001-06-17,8.082342924391462,-25.390843343614282,-41.84843064605008,21.30550275754682
2001-06-18,5.989984528401056,-25.981601671775586,-43.40322992030779,21.794789008407584
2001-06-19,6.191017197667962,-23.91141922781807,-44.55146280208746,21.679642143104044
2001-06-20,5.586326394956547,-25.655215196962793,-44.67241944574693,20.743558746958257
2001-06-21,5.915940548425925,-26.03030071483123,-44.78618377055994,20.85219258620674
2001-06-22,5.8768729681048,-26.134983139434144,-45.272810344340684,22.33278177136003
2001-06-23,4.40367308360586,-26.78754725519424,-44.298673533503745,20.854046281112954
2001-06-24,3.7031332138911957,-28.441491760445693,-44.530877740186845,20.523554941161343
2001-06-25,4.448078136399567,-30.68150241123323,-43.33984675380298,19.400140486717508
2001-06-26,6.194283441493043,-31.01807099332782,-43.64947516396471,18.28960790770441
2001-06-27,5.193312884777715,-30.563623709795905,-42.81191861625333,19.018492608919004
2001-06-28,3.828527560373862,-28.21343555346484,-44.12548125025123,18.271108247506028
2001-06-29,3.3492634510685053,-29.207194126903925,-45.032743831933836,19.900994590105533
2001-06-30,4.533206155190807,-27.74140128965678,-43.96544483749206,20.300036997248867
2001-07-01,4.305481960470451,-28.664962047072123,-43.653853179859325,21.213629891120807
2001-07-02,4.9781872754344345,-26.60698757898045,-44.39662703507598,20.41153967139218
2001-07-03,5.210819293539804,-26.352149639939466,-44.114305427749194,20.046579633383125
2001-07-04,5.0288500371824405,-26.906750199550274,-44.2151675770795,19.093502908629674
2001-07-05,6.035431129202795,-25.777923233115168,-42.210340701906986,19.436894693961257
2001-07-06,6.168791818344032,-24.806228836992645,-40.83728452171324,19.46153900766452
2001-07-07,5.553216047236829,-24.887963336310754,-40.26708193546087,19.433824367980744
2001-07-08,5.854773729995042,-24.98301128763707,-40.12564395225988,18.835670969936473
2001-07-09,5.133550052992863,-25.8008183923186,-37.71186232669352,18.582037836892724
2001-07-10,4.424927223123791,-26.403632776823613,-37.49883855123312,17.660819305965212
2001-07-11,2.4595667159895895,-26.962656778935113,-38.33697834408116,19.570949836628333
2001-07-12,2.7495247722044893,-26.659386909656185,-38.6003615599595,18.563392399323952
2001-07-13,2.62128340524658,-27.59749855526307,-35.91090576355572,18.47578512958331
2001-07-14,2.2598746765099427,-29.579831752648076,-35.88664418818283,18.300450612090483
2001-07-15,1.5726882988074955,-30.71328332469755,-37.76315001797792,17.9818093416598
2001-07-16,1.162532917519059,-30.903275621296654,-38.348468511767074,18.64221444581341
2001-07-17,1.8495824836219876,-30.79058159343256,-38.93362720444426,18.166788337399257
2001-07-18,2.0167803581074195,-29.83107004226023,-37.994371090544824,18.706861701696816
2001-07-19,2.904090903448041,-28.109618001933285,-38.825782579786484,19.615056527201755
2001-07-20,1.2941486284659438,-30.022155347224487,-39.779300555598184,18.30994282432087
2001-07-21,0.7323274914769381,-31.037123475396402,-39.025968781385124,17.976123205253444
2001-07-22,2.1858908563026054,-30.5464403568403,-38.66708542139105,17.798659346338432
2001-07-23,3.0261112031428388,-30.73604696501918,-37.745794275885565,18.211516707979445
2001-07-24,3.7330386511683162,-31.90553904064111,-36.46292123175645,18.257755466127843
2001-07-25,3.410642253086534,-32.838018824962745,-36.09449992952505,17.481120914724578
2001-07-26,1.50037829207201,-33.54604245742101,-35.72989701386965,16.767908575609134
2001-07-27,0.29188669106531706,-33.59492305149129,-35.95370332544445,15.35053593737616
2001-07-28,-0.6737618690196647,-33.902466266622255,-36.410553261396124,14.631691376427419
2001-07-29,-2.1042935822410564,-33.12530825573918,-36.426716342131066,16.2511257433088
2001-07-30,-2.7403573179300658,-32.388176039226785,-35.673646698383656,17.964864050270634
2001-07-31,-2.109263347358766,-34.474225529100174,-32.58327050908724,17.945174698826413
2001-08-01,-3.9225012802521437,-33.44138117007726,-32.31364402952745,17.818807981233736
2001-08-02,-5.196866329653922,-33.32313778188932,-32.46459438225559,16.735627316492472
2001-08-03,-5.0672860824062855,-33.18157399838305,-34.29923029703242,16.045486068580097
2001-08-04,-5.810772468466208,-32.74404148395574,-34.11309703599564,15.466708336889466
2001-08-05,-6.44859299084552,-33.92499810317294,-34.90979238672582,15.650219681268869
2001-08-06,-7.246354566209627,-34.99267073759856,-34.81416812918699,13.266415935129473
2001-08-07,-7.5858366350799145,-35.92018766504266,-35.70109949224038,14.575609847513693
2001-08-08,-7.7525002995497925,-35.989542439565675,-36.53535948466841,15.150202057910297
2001-08-09,-9.130777628654185,-35.54762215721227,-37.695066230648614,15.548211161310316
2001-08-10,-9.872712443349746,-33.62035020379367,-38.250824146914745,15.427684633526415
2001-08-11,-9.168057542855028,-32.52069543386457,-39.432749131606776,15.35177747906175
2001-08-12,-6.932605814600955,-31.725224931743053,-38.29114152672608,14.593539917248876
2001-08-13,-6.423199767093643,-31.33570853115348,-38.87249284425472,14.119500243720799
2001-08-14,-4.913120006544741,-29.946220052110913,-39.774795232754215,14.005362803611325
2001-08-15,-5.363186784173095,-28.998565349806796,-39.061773722264846,13.288770363930183
2001-08-16,-4.372307212509995,-29.518274537505324,-39.24580237160037,14.614836824392913
2001-08-17,-5.5319918144049876,-30.313811474061314,-39.417530029626555,12.903322380937668
2001-08-18,-6.7329056951749475,-30.644773912888418,-40.01652710813185,12.070280366784262
2001-08-19,-7.0729244927491495,-31.442717149012946,-39.74213016802603,12.885377716452828
2001-08-20,-6.57907713806488,-31.806741534221164,-40.63703843656868,12.572687893721573
2001-08-21,-5.561190190420178,-31.085508017861272,-39.15053895856675,11.881247821855142
2001-08-22,-6.309373275478832,-31.720436183288168,-40.017762481743745,12.903958424827842
2001-08-23,-6.853254445944593,-31.083639928030372,-39.10050698268892,12.520979234537352
2001-08-24,-6.976784235838031,-30.51757068216272,-38.342575768532235,13.08187929637723
2001-08-25,-5.191921579406797,-30.910536265981214,-38.731424500687794,14.172542523974794
2001-08-26,-3.8470036164917563,-31.307833674750633,-38.492562337977496,12.925219901725592
2001-08-27,-3.5839598702435995,-32.193939871378575,-37.51400101260916,14.702136337720821
2001-08-28,-3.941306805423822,-33.06447622008436,-35.110294545054856,14.736787873474134
2001-08-29,-4.32261957073606,-31.387502333624372,-33.899878111320184,13.673790018497
2001-08-30,-5.222056597887495,-30.645745706388098,-33.52863062697213,14.23897728780519
2001-08-31,-4.77143155027116,-32.367716966557374,-31.74624423376439,15.911015632474468
2001-09-01,-2.906244424847996,-32.93751465838435,-31.32298356409528,15.342370182393122
2001-09-02,0.11348438584393161,-33.416619866273784,-30.895293247078676,14.96664632899019
2001-09-03,0.20662240511065863,-32.13739035879132,-31.296411254560173,13.933386771909241
2001-09-04,0.02867831633681292,-31.99638787201878,-32.83206747076231,13.082691950907453
2001-09-05,0.039266651865982716,-30.772595875552042,-33.744498488020035,12.385760903796289
2001-09-06,-0.5905909523371926,-30.115024369121986,-32.31705473043113,11.366044564631162
2001-09-07,-0.3917089825789427,-30.411574861179865,-31.705616490063086,12.404855667258452
2001-09-08,-0.9145976661433924,-30.61050192943188,-31.715784605390553,13.153974106621746
2001-09-09,-1.4496686650294166,-30.19006751176525,-31.897464747819203,12.788200871607923
2001-09-10,-1.6203362428266306,-29.877549262772355,-32.44806670608823,12.383705940085854
2001-09-11,-2.3168410041244645,-30.3147749269201,-33.60045859131154,11.786106338440781
2001-09-12,-2.449430190065626,-31.242864751910087,-31.647644606361617,11.253148347365132
2001-09-13,-3.731945227172112,-31.633763361417646,-31.567973692768597,11.823527735681491
2001-09-14,-3.884023853041286,-30.607385933021845,-29.239228302906927,11.226296259732244
2001-09-15,-3.4528211750002082,-31.298944689733194,-29.243940093191068,12.105722219351575
2001-09-16,-3.5820573999207186,-31.14937785404628,-29.333051079679677,11.355534634601005
2001-09-17,-4.022779557340303,-29.84999592416272,-27.02653204715903,10.622966607862766
2001-09-18,-4.697146157399514,-29.517863087725978,-26.100107324393516,10.60270503801818
2001-09-19,-3.3105522113265042,-28.607019130234367,-25.168925497997428,11.110995080855037
2001-09-20,-2.360899284742762,-30.090949371308675,-24.18711109431155,10.026515315881003
2001-09-21,-1.6886668251676271,-32.8921689454723,-22.3971448078331,11.854976382338151
2001-09-22,-2.205286914000522,-31.20986631114006,-24.703409374019465,10.209951745096381
2001-09-23,-1.7616261781018987,-31.361770848734924,-25.076386190580045,11.415561232699929
2001-09-24,-2.8612252940003486,-32.12190850261791,-26.584846845384153,11.480563088672303
2001-09-25,-3.3289643428738014,-31.432527344572193,-27.039724806267774,11.493623439523839
2001-09-26,-2.855915333288148,-31.312906962102463,-24.677606210361517,12.32699462666288
2001-09-27,-2.1024934290570467,-30.922874523386923,-26.204244516638116,11.15642034585677
2001-09-28,-1.3552149350296026,-29.900424552134563,-27.15005791150287,10.804257853520717
2001-09-29,0.4630538203849328,-32.59760661432342,-27.95636340838211,9.68286094620964
2001-09-30,0.3088092631772038,-33.519602419958375,-27.21130869775517,10.865202045540265
2001-10-01,-0.9292300935519496,-34.08500944234855,-26.738144470062732,9.392348040909447
2001-10-02,0.3509741581636424,-34.31125585149352,-28.077075521149773,9.835852858459514
2001-10-03,1.0927486723480664,-34.86305631316624,-28.896217891428016,9.984374040963583
2001-10-04,1.4109152844423782,-33.402791284577965,-28.3631978446384,10.367364690826609
2001-10-05,2.2931205669134416,-33.3482587315116,-28.554806773469913,8.365875872384672
2001-10-06,1.8556980034819452,-33.006486619107925,-28.960618225006357,8.45618604147923
2001-10-07,1.9583481702672014,-31.7619271376034,-27.42087981523982,9.574034597311147
2001-10-08,1.03137803394164,-31.95648250616195,-28.141089126016503,8.474560497870531
2001-10-09,3.319585145103205,-32.41813913426891,-28.276550338353864,9.860536556725515
2001-10-10,2.7482797325545407,-32.77255929432408,-27.753742502465606,10.200889102035944
2001-10-11,3.2377010996481825,-33.29166550352285,-28.317020440755133,10.90811187398932
2001-10-12,-0.6021659420421717,-31.60758498451484,-26.982833190035155,8.538336139845288
2001-10-13,-1.68128812248703,-31.14385940824498,-27.358175285590043,8.78757697210689
2001-10-14,-0.6629900992435798,-30.58924838821498,-25.419530427580643,8.400900849492233
2001-10-15,-1.9369243277633876,-28.82166897881407,-24.818790236016625,8.185992552477636
2001-10-16,-0.7706330564512816,-30.26504458559534,-23.896659025132678,7.92061741955083
2001-10-17,-1.5930201617568371,-30.90421742188882,-23.728193680060606,9.347164581587641
2001-10-18,-1.443603901678979,-30.253919208745444,-25.326520513905287,8.100472028207477
2001-10-19,-0.6907398009697335,-28.007073508246982,-25.839224003880844,8.911533306375864
2001-10-20,-0.22482737688300902,-26.338167997944215,-27.692058145519983,9.23751891017323
2001-10-21,0.3058024435200869,-25.47500878948218,-27.79382513774694,10.911758623929627
2001-10-22,1.5757591412724183,-26.503021344567706,-27.216137258368494,10.826206001441488
2001-10-23,0.48768891627927435,-27.287100281845056,-28.253247937637248,11.079257640015404
2001-10-24,0.7743586504186379,-28.263651665235738,-27.813823145114576,10.39318174048527
2001-10-25,0.22494018016979245,-28.657394329837935,-28.32790429051258,9.921580187110333
2001-10-26,-0.2491110130964343,-29.52316385722664,-29.40592623826595,11.367625608445543
2001-10-27,-0.49704691708476223,-28.347070452914235,-29.72328183583224,9.100765302609574
2001-10-28,0.04063696532855743,-28.7495883991249,-30.106099717222868,9.856878181159855
2001-10-29,2.0625087982615478,-27.873196853565915,-30.639511200450393,10.284862823068247
2001-10-30,2.8749485764408407,-29.639641713819433,-30.449306577623283,11.160521660521152
2001-10-31,1.9516644347009522,-28.204982958300732,-30.454584472101224,11.414308517900496
2001-11-01,1.0179846667372265,-28.096405093497754,-32.09638086393842,11.77408669586043
2001-11-02,2.728672800092469,-27.203736036177496,-32.54969478002008,9.891448872869978
2001-11-03,3.9738929320746763,-27.762169928826182,-32.74326821634237,10.134148015187183
2001-11-04,4.67210063079161,-25.79913734907661,-33.7627636737624,9.926016915265905
2001-11-05,5.332379509558821,-25.363568806935046,-35.220221102338144,8.930302745021175
2001-11-06,4.988233100087981,-25.64854509951311,-34.98889916721062,8.396942895491351
2001-11-07,5.398285311831772,-24.633291307045297,-35.28265819913868,8.618800287659019
2001-11-08,4.324067004444592,-25.01274702970902,-34.243254140002406,6.858874038182419
2001-11-09,5.212564744694974,-24.991280613657544,-33.92852210029321,7.190882708530193
2001-11-10,4.839922402303466,-26.85935808392588,-32.746287854644564,6.527682555974003
2001-11-11,5.525285430100247,-27.22011607942916,-33.16190765017241,5.322509747486792
2001-11-12,3.628086882786825,-26.616443604352714,-33.27537148132407,6.406728714948532
2001-11-13,1.9787551376134633,-26.057642149697497,-34.29988600708744,5.776114050526292
2001-11-14,2.7794518017033645,-25.678784356862348,-33.65823946829578,6.76267696709992
2001-11-15,2.3762304435949266,-25.288760328487562,-33.049405288953274,8.396166346442829
2001-11-16,3.0570466330955313,-24.402743645933477,-33.78817795806311,9.953662984122234
2001-11-17,4.831784441037265,-25.44778862783475,-33.13838297892374,10.493650522724767
2001-11-18,4.0124358327941625,-24.847573615165302,-33.23656443755333,9.802822200540206
2001-11-19,4.2369456917129025,-25.234397119910145,-32.36765496851889,8.839618835289532
2001-11-20,4.396534657160276,-24.97181984701218,-31.272957644918936,9.513227709295755
2001-11-21,6.416010116687444,-26.689252047501512,-31.340252542435,9.285809060004405
2001-11-22,6.286826968565396,-28.016377050136544,-32.926071734676306,11.414405526760222
2001-11-23,5.756655035702937,-27.93624728988103,-31.95990351815536,11.68463731171543
2001-11-24,6.3444211410740845,-28.720092376521762,-31.9963095068526,12.180969921727652
2001-11-25,6.075819172937026,-28.300210050006427,-30.916194208714995,14.26353812813855
2001-11-26,6.189527329144296,-27.54394445283172,-32.73660122594357,13.27157236063273
2001-11-27,6.1475694332177975,-26.49688780788756,-31.073254653919744,12.520012749947096
2001-11-28,5.9226003722347995,-25.256108612537254,-30.489208170518303,14.634686932039436
2001-11-29,5.061294429030548,-27.207470795983237,-29.7825295364263,11.74546981445694
2001-11-30,5.738769599631165,-29.154102128153177,-30.1475648533333,13.574095641297504
2001-12-01,4.858252240357268,-29.160505076495912,-30.53650750283569,13.165687562659585
2001-12-02,3.166283159942396,-29.056194858783698,-31.744448442661174,13.007115234255727
2001-12-03,5.7992184502742,-27.908891229800567,-31.895321164975954,13.334529341847915
2001-12-04,3.9448518207493555,-28.306671760406036,-33.100421792244155,12.890064989705769
2001-12-05,3.1381856212367207,-28.884057249207743,-34.12151695924208,11.949668733613612
2001-12-06,3.0157027224574793,-28.576603669555784,-33.41384624571359,10.995770516761409
2001-12-07,2.949325994893927,-27.670381334931715,-33.64112279752449,11.737343766942207
2001-12-08,2.386849881010016,-27.307106109343508,-34.46647112158088,12.194927381679127
2001-12-09,3.2519857352196033,-27.56082766084319,-34.48951006241816,12.005945732326214
2001-12-10,4.082938277136333,-27.884522962981077,-36.44641580055931,10.925550500522867
2001-12-11,3.80016343990494,-28.615330029878884,-38.12252904785115,11.03191208676691
2001-12-12,3.085905961750619,-27.315851045406728,-37.17526487045941,9.777084018595307
2001-12-13,3.237747557339238,-27.197788406175487,-36.53958543724697,9.139862646214473
2001-12-14,2.255276225268717,-27.869399190505334,-36.126341356180724,10.342687249966524
2001-12-15,0.9164992370837513,-28.779419105237594,-38.60689478015222,10.432243632105523
2001-12-16,0.1821162781352289,-27.172641476560624,-39.561288262582295,9.923046830563596
2001-12-17,0.04432492134596153,-27.793195464843862,-40.16599934999447,9.378827251559116
2001-12-18,-0.789618279562984,-27.646524104094464,-42.142167814776144,9.923592501367986
2001-12-19,0.5395315832288969,-27.56822638132275,-41.42721195145542,9.341671999192867
2001-12-20,1.3167177318057446,-26.165309645624077,-41.89197114129174,7.8580239441491875
2001-12-21,1.897659710681333,-27.4189371621197,-42.711578670716406,7.7395064056406895
2001-12-22,1.951919059932525,-28.18220990552549,-43.393166830076574,6.582641830991291
2001-12-23,4.196751008793477,-27.490988201641102,-43.46316855444147,5.831846632653911
2001-12-24,3.1512250921172864,-27.863335940897787,-43.78122458043894,6.572757215506776
2001-12-25,3.0507823629923365,-27.973530715994936,-46.98780418419708,6.934179829317371
2001-12-26,3.5060506952627333,-28.691960722246588,-46.15861993771404,6.472355454180684
2001-12-27,4.817562930240662,-29.717016926625316,-46.02240733532936,5.985401193299776
2001-12-28,5.336934678883011,-27.72190968971807,-46.63938455817327,5.768995402059722
2001-12-29,3.1222219163420584,-27.562996399307185,-46.987402945828364,6.842041277566402
2001-12-30,0.8801336721092139,-27.920522409253437,-45.91011511678211,7.61667317954366
2001-12-31,-0.7980940150878892,-27.27337321375947,-46.58162524251281,5.49054648629205
2002-01-01,-0.10686626260476684,-27.100729143904307,-44.57420716871195,6.32091125417242
2002-01-02,-1.701022845184978,-27.71130446185841,-45.62808786267388,5.797752900545399
2002-01-03,-2.9087942492779164,-25.955356063258197,-45.280093108876734,6.797255376948593
2002-01-04,-2.1015201250115094,-26.872013753184827,-45.20086278620759,7.51367975444257
2002-01-05,-2.463937531614417,-25.532237149319933,-44.50388225658404,8.802868271412565
2002-01-06,-2.336230003760587,-25.334488167930935,-44.16931865987795,9.502510909806654
2002-01-07,-1.4470476743405372,-25.426174915475503,-44.70941517875323,10.419606331108653
2002-01-08,-1.6846910635144232,-26.559368843173697,-44.48726595592218,10.48265569684311
2002-01-09,-1.593885991250593,-26.99445074079558,-44.0838158500651,11.69830327459999
2002-01-10,-1.194656110641931,-28.516404486501628,-45.68860366869004,10.323649855637601
2002-01-11,-0.8672931637635174,-28.82470541776786,-45.26141416321723,9.514790584698398
2002-01-12,-0.18556222199372652,-28.643853224025047,-44.886874244979914,9.295434982796358
2002-01-13,-0.6471630829844343,-28.497123658595708,-45.13280612246544,9.824748922318626
2002-01-14,-0.46371871208356175,-27.651822644900236,-45.21049757554793,9.64316727220144
2002-01-15,-1.6819411475862787,-26.598081498755537,-44.22158596080844,10.011923753882158
2002-01-16,-0.9714467831095436,-25.957800647522493,-43.595953062591065,9.606292736908602
2002-01-17,-1.5806133922463539,-26.703422835247714,-42.11652379766055,9.664232876653148
2002-01-18,-2.680046380819269,-26.51513304035224,-42.99085216297203,7.645732554119455
2002-01-19,-3.081020094530431,-25.72040555491398,-43.133642468320055,7.546245597411813
2002-01-20,-3.6972953403482793,-24.64495552680529,-41.89939908901423,8.808363555332557
2002-01-21,-4.634729275370303,-24.857588985232766,-42.264753558761036,8.464510482604725
2002-01-22,-3.793173335949496,-24.785262573717702,-41.11160859485328,7.6769611125890025
2002-01-23,-5.8704125005130665,-23.576675608110357,-41.466896460663385,7.722447648129179
2002-01-24,-9.067766187588656,-22.75131563077827,-40.52229963183411,7.122258722172786
2002-01-25,-9.262142725184114,-22.341982715277126,-41.67965723123292,8.018845696451367
2002-01-26,-9.407556029956945,-20.79094254256554,-40.80818694421424,9.097369511786328
2002-01-27,-9.601777287379967,-21.62436752731982,-41.71201586399031,9.836376721170186
2002-01-28,-9.663133737851979,-20.06759975089541,-42.10360840761075,9.54427884592146
2002-01-29,-9.319367617525183,-20.61519184040536,-42.19259169863695,9.353052933819262
2002-01-30,-9.043248002079304,-19.172041794784025,-42.46997843886271,10.072739536383297
2002-01-31,-7.008392313545976,-18.70914286868162,-43.30602274920498,8.824622257341826
2002-02-01,-6.719027214065718,-17.40919626017565,-44.983347339483615,8.631170221656182
2002-02-02,-8.67645201507243,-16.9907126495805,-43.18554413967906,9.013977304371377
2002-02-03,-9.306324101286984,-16.585677031423185,-42.74916159887757,9.859179129199736
2002-02-04,-10.867025552010077,-17.110740022171022,-43.83280649993589,9.380123527487976
2002-02-05,-11.04238625866555,-15.378634300505135,-43.501761642748654,8.757549281357178
2002-02-06,-11.266290740157755,-16.06703975938875,-44.14568290768583,9.51295495530827
2002-02-07,-10.428003704466928,-17.864092278740625,-44.23123086966281,10.166201127459379
2002-02-08,-10.351470006020078,-17.480999862179928,-44.900600710920266,7.557901690890868
2002-02-09,-9.882749015163297,-17.97577110887856,-44.62363898876054,6.630111319267592
2002-02-10,-9.638810583969075,-17.666510369975267,-45.94637608632276,7.907503600148955
2002-02-11,-7.978978193570992,-16.841458469771283,-47.02509795264761,9.84312820360525
2002-02-12,-10.248680744137301,-15.875100631367944,-45.39436606707095,11.400003024242173
2002-02-13,-12.357246858096381,-14.172603363015101,-44.19893547216183,9.885367334097905
2002-02-14,-11.661501040596956,-14.54567221081997,-43.792804731278274,9.590876589763813
2002-02-15,-10.92835082705159,-14.626789812147253,-42.87879203814197,8.926612129090962
2002-02-16,-8.906772969163226,-15.172349703570097,-41.20732382756029,10.084874729707767
2002-02-17,-10.077634489920326,-16.98099982696534,-40.06757332620993,10.719048711951197
2002-02-18,-10.795078841844223,-16.91075951719652,-40.07469271970593,11.316607388529645
2002-02-19,-11.639336285368856,-16.205050531614713,-40.790493426147286,10.822680951777237
2002-02-20,-12.355826596595472,-17.730396152459498,-40.62669189121829,12.545496112800503
2002-02-21,-10.906838507067668,-17.155616352281474,-37.88233166883813,12.6099672738334
2002-02-22,-8.581602184106696,-16.408542166109296,-37.002762268689295,12.729612515087695
2002-02-23,-8.84020725939102,-14.508974518275163,-35.88580153496531,13.714306142335598
2002-02-24,-11.251383096705062,-16.829611397906653,-35.901728689789806,14.432191307224802
2002-02-25,-9.47571630427922,-17.330061853829232,-35.271024264219115,13.766684075026669
2002-02-26,-8.09709193726308,-17.420350013605432,-35.732188166989474,12.89179157365922
2002-02-27,-7.731143997429778,-17.408453431203668,-34.496796892845495,12.730149581281342
2002-02-28,-7.000332493241828,-18.777912492571595,-34.53541878540503,12.710742956423516
2002-03-01,-4.037210239497297,-18.259395158242764,-33.38093480598066,12.63206488887539
2002-03-02,-3.051591943330524,-18.087065933267315,-32.717387539100514,11.837396828341328
2002-03-03,-1.5360944178550129,-19.738433745289257,-32.67832365558649,13.458205547065996
2002-03-04,-0.8837814846798794,-21.422091463617324,-31.78886478492482,14.586262681903536
2002-03-05,-0.9653706540047867,-20.95054112648863,-31.724805918462874,15.228658395654222
2002-03-06,-1.175462715199038,-21.186193281252567,-32.179630783228454,16.09498412340986
2002-03-07,-0.808584151673035,-21.877089931941434,-33.084031843205686,14.671280392673076
2002-03-08,-1.7040382569060921,-21.768188553782437,-33.41129951731747,14.671360285680667
2002-03-09,-1.4891557247080538,-22.080238402487947,-34.68428988086587,12.96970027289085
2002-03-10,-2.4782090796026868,-22.2180469756294,-33.52683907415485,13.226725178842706
2002-03-11,-3.4677001151911138,-24.011807186023187,-34.045304747831096,11.475177583105063
2002-03-12,-3.317653571261414,-25.494185791469018,-35.0775902789901,12.182183251820737
2002-03-13,-3.345573624157595,-23.617557983600552,-32.98215672695233,11.156449919446814
2002-03-14,-1.628504644132574,-24.387865200958636,-33.73674715329217,10.88165492259634
2002-03-15,-1.5763694339079604,-25.103389985696154,-32.3513257799761,11.57155769104971
2002-03-16,-1.3857913624328002,-23.166963426954528,-33.77234900380354,12.329119264155784
2002-03-17,-1.7881569535247308,-24.997632185961642,-33.5887382858212,13.009570120870551
2002-03-18,-1.7732611659590745,-25.62843176207401,-33.99272555962911,13.726847043385197
2002-03-19,-1.9709728643350084,-24.751516867043367,-33.13238265556982,12.766644690386224
2002-03-20,-2.699288921175955,-24.768752771417695,-31.500412637291635,12.249205974187111
2002-03-21,-2.3691388708591297,-25.59593296764695,-31.978254450290144,13.29554212379872
2002-03-22,-3.3401594926449274,-24.540645149545274,-32.49995283653534,12.2371447663592
2002-03-23,-2.5585712994108794,-23.176950800795538,-32.87967051866494,11.68880202979779
2002-03-24,-3.6469240364733517,-23.397000500290968,-31.90457735701495,10.301686299803162
2002-03-25,-4.678827580182165,-22.91291605767986,-32.15401428432726,11.72056280782428
2002-03-26,-4.651204522738103,-24.03290512070237,-31.254410907511208,12.058185918755045
2002-03-27,-5.63451101554999,-24.24433462731682,-29.953520027681815,15.649124112496972
2002-03-28,-5.3600201936291345,-23.854506881575468,-28.87037472285793,16.56765253335809
2002-03-29,-4.272284893741832,-21.856855528268273,-29.793996013907247,16.4698523009688
2002-03-30,-4.4147128102691395,-22.42413113453578,-29.689929184970595,16.736447852471645
2002-03-31,-5.175910900346818,-21.742230727725726,-29.15813652289642,17.074244728904134
2002-04-01,-6.213554259414217,-22.210547146442227,-28.841479004636366,17.46724983628836
2002-04-02,-5.288179613270485,-22.134650317959593,-28.171156196003125,16.75958624951633
2002-04-03,-5.001321322570549,-22.434134931203033,-27.48336676120078,16.070927597278608
2002-04-04,-3.333990798014939,-19.609871982373555,-26.816837505396496,17.49245602027141
2002-04-05,-3.770141496638611,-20.12943480487744,-27.571479046823058,20.07569337402343
2002-04-06,-3.9792128521065266,-18.971857388272507,-27.686574559051213,19.131521828152728
2002-04-07,-4.141850919810717,-18.748911377453698,-27.33399868213722,17.564547554681205
2002-04-08,-4.110574268483597,-19.245938785024176,-27.809725315633788,17.001233024989183
2002-04-09,-3.6404026661577693,-19.790438634035063,-28.664482303434504,18.331485569375857
2002-04-10,-4.309131487942261,-18.92845679844263,-29.176350128262047,17.939828320585555
2002-04-11,-2.692837968700053,-20.28806751200318,-29.11706441035455,18.521912197282933
2002-04-12,-3.8028438420209785,-21.100055976261636,-29.401959353395064,19.303001504095793
2002-04-13,-4.049648481869289,-20.33835044741953,-30.29898705067792,20.028394820317
2002-04-14,-5.07749102869399,-19.04844553102283,-30.227877753908295,18.988514311141817
2002-04-15,-6.022769912346781,-17.165930923671063,-31.674198299332403,19.44078375206344
2002-04-16,-5.570444451245488,-16.053777170971273,-31.958676306115116,18.047482169108054
2002-04-17,-7.811089969636514,-16.182483516319763,-31.750757438756,18.500281827433625
2002-04-18,-8.374182904524954,-17.281627150681537,-33.64185997570585,19.444648478947133
2002-04-19,-6.329812220197147,-17.183010829903978,-32.79679746490492,20.9482664443875
2002-04-20,-5.519972289120439,-18.451328848433814,-34.329688777025,21.08387910936018
2002-04-21,-5.669249160424662,-16.593506078430664,-33.72841129225344,20.899429116575476
2002-04-22,-5.168076201556972,-16.4618247427951,-34.19032094518183,19.895021125854818
2002-04-23,-4.500578663384097,-17.164679386325766,-32.351061884725254,22.441534286273214
2002-04-24,-3.3347282641481177,-17.047639900177003,-31.892079155907652,21.654920975586357
2002-04-25,-4.146559374273269,-18.045391165131925,-31.83419855184585,21.33510453161556
2002-04-26,-3.2960757402841705,-18.491012302757017,-32.165821442061,22.99174992978729
2002-04-27,-2.861915206664385,-17.158060452832334,-34.308685324967556,23.29399970360899
2002-04-28,-4.9294093202227085,-15.830919335909948,-32.79733394921834,23.82896271877831
2002-04-29,-5.7224119143818495,-15.153076805244071,-33.85383774168064,25.270196741179994
2002-04-30,-7.005932388532892,-17.72165970603121,-34.132728401706245,25.867798967365047
2002-05-01,-5.05815510111484,-18.03556325857655,-32.82947994804144,27.86553021812885
2002-05-02,-6.102963697074298,-18.964874198178286,-32.67701903365767,27.097606996359513
2002-05-03,-6.649801191462204,-17.933279925487,-33.25805332814627,25.305738063401897
2002-05-04,-7.545346025398193,-17.98488496818171,-34.07511800084971,26.374308269881862
2002-05-05,-7.177452480063968,-17.036160467542246,-32.70057190082933,26.851287582830363
2002-05-06,-5.496718345835658,-18.73612176773586,-33.69614764041512,26.513712945740398
2002-05-07,-5.516499727643717,-17.90127056422219,-35.25404985838599,28.75798387435152
2002-05-08,-5.04426788994025,-17.563531410192624,-35.1677997847367,26.857845831779198
2002-05-09,-5.408241094466326,-18.33876320268515,-33.949265753168525,27.652330316746408
2002-05-10,-4.859015594773065,-16.437080170491445,-35.64154150704971,27.004265127009877
2002-05-11,-5.1979731504334135,-17.320839792960577,-35.122793348387496,26.028039944128878
2002-05-12,-5.457360270515471,-15.486762670479804,-33.2830206185676,26.417939386571373
2002-05-13,-5.3572159715783885,-15.103100189471734,-35.425112734185674,25.4128020587587
2002-05-14,-4.570259648292439,-16.434109057945623,-34.91123409359878,27.53421221208038
2002-05-15,-3.4753212648402134,-15.2799544966622,-34.00566022442634,28.05051461060247
2002-05-16,-3.9443783295280523,-16.561581401404926,-35.00217729425453,27.973877821601253
2002-05-17,-2.3567537415782054,-14.7149960150019,-34.38060640059736,28.4628120179213
2002-05-18,-0.8743400143184605,-14.217332692440483,-33.554098849527904,27.48619630843631
2002-05-19,-0.29968052985220384,-13.052306144401864,-33.09597195123369,28.618926152276053
2002-05-20,-0.010584159620645073,-13.33672500079597,-32.086577080811146,27.495698687212084
2002-05-21,-1.4060682054947846,-14.096396065948415,-32.07829105744662,27.45596024569373
2002-05-22,-1.1288684307160781,-12.672880664716436,-30.92176182039085,29.3683077162704
2002-05-23,-3.437210394642292,-11.26670548857848,-30.19898443122101,28.75078157909065
2002-05-24,-4.05649972569989,-10.452840755668833,-30.229501867308976,29.13550678963508
2002-05-25,-4.085663895016821,-9.61058866178947,-30.30982746025696,27.64784533012163
2002-05-26,-4.05669414558664,-10.042277851325556,-30.074905358447243,28.760416757849654
2002-05-27,-3.306664506612798,-9.70266218488766,-30.69486058219176,29.662041252413957
2002-05-28,-3.674932565090478,-8.786675794888254,-31.357877460248822,29.403688113220486
2002-05-29,-4.586986860093431,-8.989753042282851,-32.368401928892126,30.005961659911065
2002-05-30,-3.6110013308709927,-9.154690754597599,-31.367506336099307,30.84323335217027
2002-05-31,-3.1874315923945704,-10.066808622766201,-31.14438351557536,32.0027840951284
2002-06-01,-2.510419904503067,-10.19855879924905,-31.5866882579121,30.75804237760808
2002-06-02,-3.2733669311161475,-9.32538101742606,-30.198754663062033,31.8013340040198
2002-06-03,-3.5262562016214,-8.320548848682993,-29.889143006996367,31.74023947629488
2002-06-04,-4.6593594833955345,-7.050842558505579,-29.954818520561254,32.484352782281334
2002-06-05,-6.087941109655652,-7.4395130416146324,-29.345135915230063,33.512809958352804
2002-06-06,-7.037092047607555,-6.116814233347091,-29.402147354377256,35.22996330642882
2002-06-07,-8.42421696838176,-7.187177046039283,-30.192828058000774,34.1640699217116
2002-06-08,-6.4726284023278655,-5.536314852297468,-30.814391913449207,32.25754651024121
2002-06-09,-6.315264206985366,-4.131949970176345,-31.2177085401475,31.44169216841721
2002-06-10,-5.866802086877394,-3.416014719032306,-30.869531815786594,31.717832222315756
2002-06-11,-6.272469086383496,-2.2811266813046256,-32.03086143735501,31.343505495167385
2002-06-12,-5.48222199407951,-0.3504096478738552,-32.06196493142934,31.206354096114318
2002-06-13,-5.620575444247052,0.09260297336612949,-31.291394368180512,29.735225833895882
2002-06-14,-6.16455276938697,1.3603248960866965,-31.294911574712597,30.213525133301182
2002-06-15,-7.206581106203009,1.3832303401751715,-30.840007413944676,30.86573227846879
2002-06-16,-7.285783740095264,1.1793672217445321,-31.402377794474603,31.76490176489399
2002-06-17,-6.641923380192001,1.3085141146416135,-31.745569661942515,30.796516570312246
2002-06-18,-7.896527137387653,2.872699561784127,-30.45748870778416,31.776978493312882
2002-06-19,-7.3920563883722075,3.4522234690711033,-31.200770820379823,31.073793952162443
2002-06-20,-7.649085420330382,5.809256699721449,-31.94620201828364,30.84877480573709
2002-06-21,-8.17943833095869,5.9157791002322,-31.648204434763375,31.10638810465747
2002-06-22,-7.2412944351907225,5.64416720844577,-33.15257081241251,29.177432049705416
2002-06-23,-6.5014386714863965,6.865376014421791,-34.31784568715815,29.417438415756653
2002-06-24,-6.44827785781343,6.5833619262555105,-34.594651277988696,30.92097342528398
2002-06-25,-5.744382770925119,6.836700372814014,-35.95766180531794,31.099289131562173
2002-06-26,-6.26024899033372,6.051693474890996,-36.05569476395651,32.544280305254475
2002-06-27,-6.214269502576695,6.704511253180354,-36.96659726039598,32.61069586347676
2002-06-28,-5.540469265711565,7.016241127324085,-36.09093646939072,32.65527872385049
2002-06-29,-5.233293567402192,7.660877975779559,-34.510367802778596,32.99099335269484
2002-06-30,-7.308279096032184,6.761518237838308,-34.56136879751043,32.6416266004607
2002-07-01,-8.67310675439328,6.341636596636687,-35.969777821041305,32.929517042488946
2002-07-02,-8.86093835695254,7.642588431037078,-35.59756759912913,30.7612475169051
2002-07-03,-8.676232249310083,8.076067313363815,-35.45348883331101,30.75359949775673
2002-07-04,-6.1337383986556,8.735791400560704,-36.20543619557817,32.2462737721159
2002-07-05,-5.432401128952998,8.725639272984427,-36.94063835731205,32.821435228891076
2002-07-06,-6.007593386984609,8.575625093206554,-37.74899559897591,31.555294049760956
2002-07-07,-7.97023310712647,8.263773371243268,-39.539803814005744,30.942767978983667
2002-07-08,-7.053184290435635,8.274953408680572,-40.00121371477416,30.129106397726677
2002-07-09,-6.444110602717764,8.864686931439254,-39.99692880970166,29.267634777402165
2002-07-10,-6.935185840860626,7.406216692189355,-40.702498626287856,28.492454255664505
2002-07-11,-7.2857892990629685,8.33843103355857,-41.171474142907314,28.52926612718478
2002-07-12,-7.648913224307115,9.122093214199886,-41.26129577872474,27.835162903105257
2002-07-13,-8.622031163490865,8.016245495618529,-41.12012196635098,28.420452439530337
2002-07-14,-7.988880354480974,7.1764392211729,-42.36269199938664,27.92827941548916
2002-07-15,-7.147220417487544,8.474791974323981,-43.58927484725716,27.782183331851012
2002-07-16,-7.002668111690389,9.026995281134568,-42.614375212226484,28.958910970497005
2002-07-17,-7.6795944967981145,10.570561987546517,-42.02909098834704,30.746080495537345
2002-07-18,-8.33957141941751,10.417623564007515,-41.889090913907964,32.21114952540025
2002-07-19,-9.412461774188962,10.813109490049529,-43.7046509791555,32.61648149843051
2002-07-20,-9.683155774323945,9.897608543893783,-42.65558005794602,32.283376816816244
2002-07-21,-11.59177167357647,9.564709009833779,-41.602935390571396,32.876816255748345
2002-07-22,-13.130041540552513,8.708592487218178,-40.75283425238947,32.75238238618564
2002-07-23,-13.231334349766458,8.819024771496657,-39.855624312830955,30.531247150740697
2002-07-24,-13.288389990308504,9.374376040314102,-40.62125387642577,31.228938740970545
2002-07-25,-14.64631501819197,7.96671957121986,-41.60844346446613,29.74856238288444
2002-07-26,-14.587052052156293,8.063969362456504,-42.29161058434149,28.179608929097686
2002-07-27,-16.310355254832604,8.333000515270841,-42.87986490861159,27.841716806352878
2002-07-28,-16.552849179024168,11.315461658984717,-43.17983142409024,27.193632990618816
2002-07-29,-19.356293293735973,10.594953423130882,-43.74671021097892,26.95129820804716
2002-07-30,-16.65234284457759,10.995977492108032,-43.08799014553633,27.018049671918565
2002-07-31,-17.565028454977384,12.066112128526413,-44.020202030156966,27.038964133187687
2002-08-01,-17.336542304678048,10.815616540535608,-43.75685799435615,26.052482904832015
2002-08-02,-15.761120184762735,10.27699196407249,-41.7351534053095,25.7896351312839
2002-08-03,-16.282876661707395,10.8287087955342,-41.89715115294956,24.65240901656845
2002-08-04,-16.69219941226269,11.008499830612703,-40.58324037574222,25.999299925061106
2002-08-05,-17.23434265854705,11.099435280843176,-40.489552758997036,25.405511537948616
2002-08-06,-17.38272698264646,10.331182662197667,-40.99552910524536,26.688649050555753
2002-08-07,-17.187048911186704,11.11585938150208,-40.908210141481206,25.983623573899337
2002-08-08,-17.335329128360605,11.069678958576022,-40.73202790729472,24.718565575796063
2002-08-09,-16.897129015367238,10.829663266189238,-40.95541956446379,24.102978691856094
2002-08-10,-17.45404136734104,10.64089533649745,-41.558696212855764,24.101910484199635
2002-08-11,-17.087132890286597,10.495230645113026,-41.890108737844336,24.482926600168664
2002-08-12,-17.0067486063374,10.76062833685416,-42.159508840230004,24.78466113932559
2002-08-13,-17.831153242088384,10.876709159318095,-42.92045886821957,24.40635643445955
2002-08-14,-18.21810756846248,11.641699172302397,-42.28591678519792,24.17809806491635
2002-08-15,-18.068540139746855,12.025570239064606,-43.294320877852044,24.318693937391846
2002-08-16,-19.231018682349937,11.965521041740875,-42.69409548539213,23.674785195251474
2002-08-17,-18.661084997312418,11.800766467454052,-42.72362337815756,23.090186848784548
2002-08-18,-20.21886322431955,9.750607552331843,-40.733674513637695,22.747965734595827
2002-08-19,-17.849378311839573,9.35891500767306,-40.41190339886863,24.90734652338404
2002-08-20,-16.992358876788735,9.115951703507942,-40.67880087566026,26.423969435311573
2002-08-21,-18.20253102983407,9.284633550691385,-39.19261243308588,27.594355643892385
2002-08-22,-18.05793568304418,9.257380038441307,-36.93320824704845,26.150506445903357
2002-08-23,-18.102260830789213,8.887505026238749,-36.02683171042575,27.31980747728815
2002-08-24,-18.64531746197875,11.145007267311062,-35.03705758205965,24.518075146793
2002-08-25,-18.17362380171066,10.936441569359939,-33.584752750795246,22.823961175852048
2002-08-26,-18.09977403347155,10.34571215823506,-31.696248838133993,23.615998834711192
2002-08-27,-17.189355202879934,10.378386965791341,-30.502044965307878,24.602721472257592
2002-08-28,-18.317093276370855,8.766852929418924,-31.243930980734387,25.343299633121575
2002-08-29,-18.818285058777033,8.229787767858168,-30.6453068029282,23.96052221059131
2002-08-30,-20.396375082094696,8.013267345137432,-28.82233657430988,24.41113016949867
2002-08-31,-21.328036346253715,8.181357409631467,-28.565964651165956,25.478204073604825
2002-09-01,-21.963264763222316,7.410858371748136,-30.37534739608033,24.814696368816502
2002-09-02,-23.172593066117017,6.393077267956522,-30.04886461544545,26.014446961708963
2002-09-03,-24.992246714920302,6.538163421933833,-27.346011358495645,25.712816717415173
2002-09-04,-23.794928579947022,7.775027300511329,-25.533724834211252,26.496155626536286
2002-09-05,-24.684245310879056,7.319897473416627,-25.96659307012903,27.096947126635975
2002-09-06,-25.816960635181694,6.454068182661407,-25.51941036647572,26.892066983876038
2002-09-07,-25.82652444157835,7.45690136654734,-24.720776062595437,28.02248703888905
2002-09-08,-24.937078073786605,5.811955951647789,-27.393998002097238,27.279332779705317
2002-09-09,-24.952288256768636,4.289918994486335,-28.185687231808668,28.38203275501829
2002-09-10,-24.192481929456008,4.526833505552579,-31.42778410615629,29.194877162228668
2002-09-11,-23.825770202726233,3.7169587390854737,-31.291692892367465,30.752633699085553
2002-09-12,-25.026121158236688,4.075499933163856,-32.11632911261672,30.412129003849138
2002-09-13,-24.485838267208365,4.6277042866794975,-32.23077484520801,30.59943534367302
2002-09-14,-23.04670056108951,4.936920156167119,-32.00723373559576,31.037922685823673
2002-09-15,-23.408190146618995,3.3424885734815457,-31.862847847815075,29.795868350945877
2002-09-16,-23.90305420480916,2.894850659630677,-31.662180388153573,30.63875004830419
2002-09-17,-25.199266775227468,4.865391821235639,-32.32961302000113,31.33685003516131
2002-09-18,-24.805086701689063,5.667354646132386,-32.316001357962264,31.549321777072844
2002-09-19,-23.465121420194077,6.5505652613377645,-31.02918777329904,31.4130825562533
2002-09-20,-22.059580290096203,8.340494385428958,-30.93669535993053,31.436899687537895
2002-09-21,-22.154765535352983,8.114900933095647,-30.122642841808698,31.670621552406235
2002-09-22,-24.129308280545732,7.477651218735761,-30.29840133121124,33.03534697491007
2002-09-23,-22.87800068509518,8.461760691764349,-29.89695395448096,34.2015223982229
2002-09-24,-21.46437639501122,8.33528780181296,-30.171330093042094,34.75522640831073
2002-09-25,-18.57804133564403,9.540471536163075,-32.123766151268455,35.941096759246705
2002-09-26,-18.102167681261147,9.470773818950855,-33.54938894072823,36.39883218803285
